religious	0.48466503252182763
help	0.4851797753604453
provide	0.48683976879515034
relief	0.48677762158919
moral	0.45811986624887835
clarity	0.4776631174040439
law	0.4789919017612998
aid	0.4821354328775974
legal	0.4787162975149434
hopeful	0.48280793434376734
struck	0.488311065826486
betray	0.48824400404631946
trust	0.47112074562147166
clear	0.33733426496098323
good	0.6952338392789315
dirt	0.4819360644887006
opponent	0.47941872778231215
break	0.48429126012364004
steal	0.48593958934244136
robust	0.48459939611302816
defense	0.4775691369755552
right	0.47519837470737053
moderate	0.482636878708268
overwhelming	0.48614538727853013
home	0.4825307030472557
lower	0.4636965654171555
great	0.4808350391300402
pro	0.4581762657290048
commit	0.48603623309663424
crime	0.47892686472972235
better	0.36434097926822195
pleasure	0.5528870375057027
against	0.48207835905471824
need	0.5577915627884132
smart	0.4126877965362589
haven	0.4717304693827408
able	0.5677748710443756
familiar	0.45991326804009536
unfamiliar	0.4834074273953667
fair	0.44655798596897434
defendant	0.46260337315484895
challenge	0.48396775020162686
inauguration	0.475961288305197
justify	0.48791500232751006
treason	0.3895088539057056
hard	0.43955376189582757
advance	0.48541996582270863
allegation	0.44285198919331614
failure	0.48171445021614695
duty	0.4793768130369656
argue	0.4847606059282071
convict	0.4871831681844922
allege	0.439722885415089
violation	0.4709753809268018
obstruction	0.4730486817089418
justice	0.47562526220708684
interference	0.4815697844493202
war	0.47728499753748566
allies	0.483578636209341
false	0.44744532411752075
terrible	0.3915822534222117
condone	0.45550653879013997
murder	0.486837126195
independent	0.46329055756125503
horrible	0.14860890810267993
disposal	0.48240846408605487
easy	0.4094221587601181
trouble	0.461874621569331
main	0.4865667105371272
fought	0.3970043472314862
real	0.4260510981297202
expose	0.4876711810488314
loss	0.48467436630551664
recession	0.4789679837124947
important	0.374112522993075
valuable	0.4868016046418841
asset	0.44274884782579965
success	0.47559122102254503
celebrity	0.4883994134894362
serious	0.4704172624935448
mistake	0.2985303589218702
allow	0.48538694335102445
forward	0.46843731956173734
mess	0.46335487623917126
interest	0.4729433359652947
complaint	0.4526169847644099
danger	0.4732843078127713
traitor	0.4439186079139421
death	0.45948265764122886
endanger	0.4866175271343134
gratify	0.47842160923786997
special	0.4855020791794974
contributor	0.4868455528586811
give	0.4870917138703956
approval	0.4874475102366275
security	0.4855237335510546
dance	0.48289546051915083
prison	0.48426296931498786
dig	0.4856379310988131
counsel	0.47955322658840205
collusion	0.48140543413978115
natural	0.4866148710090094
criminal	0.4785579792898381
vice	0.4819801940748357
corrupt	0.47656133950606755
arrogance	0.4849469198659265
jail	0.4819060192848896
improper	0.4074028737787651
madness	0.4842731707620083
accountable	0.4744897163419563
hell	0.34912496626738343
hurt	0.48286176633370437
bad	0.22255859501901604
worst	0.3994067460940299
lose	0.4873189875145982
breakdown	0.47622550279784176
truth	0.34011610674141884
fail	0.48321649672978534
thank	0.5779651084891422
appreciate	0.5913032148200478
hope	0.6090989763436178
sought	0.4904857614669681
rival	0.4835620642690087
encourage	0.48610882419360957
hero	0.48623274274911127
appropriate	0.43973233888655383
criticize	0.48721590329742526
praise	0.48560962170274186
empty	0.4888604513317594
support	0.47947552609051636
understand	0.5840263482392634
problem	0.41788788594951554
correct	0.4330744807035417
boredom	0.467470966103807
compel	0.4854701686643606
save	0.48624372012237715
destruction	0.4862016881772189
unfair	0.4116940778709557
accusation	0.461047393005468
doubt	0.4293787253214313
accuracy	0.4841640696229872
deal	0.46807398779640524
magical	0.4523404972416556
damage	0.4844925690430403
respect	0.6001070025460699
proper	0.48573239485138675
upset	0.4569151410095668
cut	0.48697912290486417
relevant	0.48848250006927324
complete	0.4846677046116663
accurate	0.5366816258851087
malicious	0.4880631355214589
secret	0.4540518347206795
corruption	0.4743130766639637
reasonable	0.4514672239938065
skeptical	0.44550427373904594
bribe	0.4370542807676081
understood	0.44910984351465993
remarkable	0.4868412623790914
restrict	0.4874613612406265
consider	0.5023262257143094
conspiracy	0.46661790656463725
irregular	0.4879442713302411
assure	0.48369919809503836
distinction	0.4780912902341919
push	0.484661912284605
credibility	0.48072641476870953
honorable	0.4742623718522182
comfortable	0.4415718556636212
helpful	0.413048317170739
positive	0.4851273292589785
fine	0.3457181902556295
negative	0.4783982256315311
cringe	0.4732206408429279
aware	0.4595976313877592
civilization	0.4766740487076546
particular	0.4518810833229614
aggression	0.4876404199790202
fight	0.4764582693373959
integrity	0.46775530636366597
sworn	0.3929484455595256
topple	0.4865589637353754
despise	0.5326590447045444
true	0.34751319991999813
weaken	0.4860349741674849
achieve	0.48314997657455805
knowledge	0.4709623522322528
delay	0.4840358825222111
contact	0.4856376400055897
avoid	0.4858078248313609
intelligence	0.4843303658505744
community	0.46208978862356886
significant	0.46269743287346726
lost	0.5511951447335824
contrary	0.44751456319112193
concern	0.46304092168080313
darn	0.3601865629949705
care	0.46375219843641985
conflict	0.47268147316545933
abuse	0.4810428784918714
unreliability	0.46627788534433207
smear	0.4839473018087763
proud	0.5096793370842353
meddle	0.48638336737146926
scheme	0.47038453073008574
basic	0.4500809660044244
liar	0.425958057033804
fond	0.47458993249003134
alliance	0.4878643811427333
faith	0.44320634106528245
objection	0.47241520409678944
supportive	0.4768465243246439
commitment	0.4745672995845829
obtain	0.48721219683626144
discuss	0.48604565126010213
happy	0.7977691537476719
assistance	0.4858833639972235
absence	0.4793035857481877
credible	0.421248351336831
suspension	0.48813552733884025
ensure	0.48496783188605413
fairness	0.48799384741324514
perfect	0.8005390837552567
fled	0.48344164682595564
treaty	0.4885407965925858
welcome	0.4578887886911511
glad	0.49718775734597837
withheld	0.4680638417386239
attend	0.48657685279480967
plain	0.45022045213707523
fake	0.46575128266793286
gain	0.48173592024986567
benefit	0.48584504762660274
vicious	0.468958865676731
free	0.37000897567759483
funny	0.4293411396508947
nonsense	0.3433185611947121
nasty	0.4865162322600811
fraught	0.4874074385606794
peril	0.48616368860034936
infamous	0.4884924614259535
acceptable	0.4228931115819533
defend	0.4854636129951433
revolt	0.48751804185224784
shot	0.4839753141535633
blame	0.39812134125042686
loser	0.45698412202641975
popular	0.48122653678858507
propaganda	0.4875191963062877
suppression	0.40044432387565887
adamant	0.5002474866729602
threat	0.4678591477550399
vague	0.4750544919404638
laughter	0.474121696013474
approve	0.4881834834625499
chaos	0.4841205595535474
revere	0.4770402241778105
principle	0.42495134473313434
hate	0.20876146522692834
regardless	0.46173002687212283
violence	0.4377260814804839
consideration	0.4875479991253047
attack	0.458194483085312
liberty	0.48770478424946795
tolerance	0.48261945858967936
willing	0.5706540108926728
battle	0.48395323675282054
convince	0.47951945824289105
grief	0.480889340014352
anger	0.4826095906533601
entertainment	0.4886382001017627
distinctive	0.4818845493273975
ability	0.4839043532121134
desperate	0.48403265424548175
awkward	0.4877531270084587
primarily	0.48729037402679265
lack	0.4602423708351571
steady	0.48693195850843707
error	0.4852832601802476
fracture	0.4810652309657264
love	0.7919956337942555
bother	0.4730696001586784
fierce	0.4879007932262236
obstruct	0.4858048547251095
associate	0.4878355063204608
behalf	0.4821796358631427
unclear	0.41299427721535686
scandalous	0.4856755836933625
reckless	0.4883299081718067
disregard	0.4875751239165167
irresponsible	0.420354743660522
cooperate	0.48428460632849785
favor	0.47598451296532446
hunt	0.38989715217032633
ardent	0.4860443502721047
gold	0.4740451100705672
beneficial	0.48353341495085417
crazy	0.4068325382485629
nuts	0.36298332143551154
talented	0.4729167361549194
offensive	0.38893609469705587
indifferent	0.35446370904935065
outrage	0.46823410258769216
defeat	0.4869644727675478
confidence	0.4671423886989476
survive	0.48547790627313125
protection	0.48612660258113494
safe	0.3701831130671312
brilliant	0.44273447531100585
warfare	0.4873509745500841
ludicrous	0.48247005292624806
oversight	0.4869314526799221
plenty	0.4537331422122477
cooperation	0.48385081984615336
accuse	0.48771207862441696
expert	0.486799751105141
coordination	0.48772320347094383
fire	0.4798005703884632
scary	0.47045850400099465
brawl	0.48378372412569626
sabotage	0.48825443485918835
undermine	0.485699769771468
prominent	0.48483865800318343
loyal	0.4826177784200642
dangerous	0.45542257708567735
opportunity	0.4759864355493015
opposition	0.48278413879411874
oppose	0.4603899375289304
consistent	0.41596792214792094
notable	0.4662170766597338
energize	0.48677567697792024
effective	0.4858197784061376
enthusiasm	0.4850417093332922
excess	0.48654695519006425
approach	0.46530912849815265
necessarily	0.4470482959190265
unwilling	0.5267804064523401
meaningful	0.44994597803258574
inability	0.48649695230529394
contend	0.4873258971250354
overcome	0.4866722228728507
best	0.47347139135238553
achievement	0.487526777585509
brave	0.4879159491692038
amazing	0.3671829405677685
incredible	0.329032429303959
experience	0.4679687588330806
straightforward	0.5176125540696094
difficult	0.4724471771276709
burden	0.48661820053148785
common	0.3587431621820747
importance	0.48200022191746283
violate	0.4860947304505382
regret	0.48268961454902504
light	0.48128903554415564
invade	0.48814760132233237
deceptive	0.487780184516675
celebration	0.4861662275630913
correction	0.4812263759877554
disaster	0.4848312439913737
worse	0.430139668023608
wonder	0.4037811461399731
dispute	0.3869611467143504
communicate	0.47538862817543076
interrupt	0.4846354341012423
verification	0.4458721368898839
dilemma	0.47771224892147934
heal	0.46889444001990804
shoddy	0.4776342335453993
capability	0.483328686060175
horror	0.4875326282500812
argument	0.3687978849482873
outrageous	0.40227616166776486
absurd	0.2630953765076177
stupid	0.34987271214501303
dishonest	0.4695612589233738
lame	0.4674973316682315
refugee	0.4877684494238529
meaningless	0.46007043231816197
dumb	0.2965069088367528
idiot	0.37552339503789567
responsible	0.482475887977763
ridiculous	0.25497376913196224
retire	0.4863490510707774
nominate	0.484354116489331
staunch	0.48516792323007935
appoint	0.48684565884768966
logical	0.3685812408680689
fighter	0.46935986465886037
super	0.4818899236479825
protect	0.4843861886378794
freedom	0.37301296473995443
alienate	0.48736325643189604
elaborate	0.48006079303449045
generate	0.4870484133683268
health	0.4459840337586514
coward	0.452761506488688
civility	0.48736741199404016
condescending	0.48473592985577413
altercation	0.5245920879309274
cost	0.48259164920898595
major	0.4809238815351167
share	0.4509671460481801
progressive	0.4824067914541703
rebuke	0.463312218198452
credentials	0.4829710647151673
rigorous	0.48581195917401665
imagination	0.4859508010282625
precarious	0.48440360093702783
rally	0.47846125666358164
illegal	0.478566508568273
unique	0.48292609814576704
enable	0.4837588678594948
assist	0.4880910996826022
dismiss	0.48641830858809504
partner	0.4852947833469547
withhold	0.48710515887235073
assertion	0.3556837282394358
surge	0.4859953474912193
boost	0.4861981458113586
stolen	0.48445704361911124
gun	0.4610069224066381
repeal	0.4868017348260122
award	0.4872845179330343
create	0.48645281390973377
frustration	0.4867683580686645
confident	0.6128346125367837
definitive	0.4439065239910047
refuse	0.4865842283450654
deny	0.4879301503890358
ethical	0.47780881645414597
distort	0.48665513489629786
civil	0.4671143716884604
contempt	0.4857294809692024
ethics	0.4879884747226568
blatant	0.47973041911498915
prohibition	0.48527890537667573
covert	0.47682488662015554
liable	0.4824554003902215
harm	0.4699022921874454
exempt	0.4857771873122875
guarantee	0.4828163521227436
frivolous	0.486755168790375
appreciation	0.5622179606299059
normal	0.3818206005328661
alive	0.5486095053012152
courage	0.4524490440965444
knock	0.48264592024407876
colossal	0.35144558148425104
inherit	0.48602951735798283
resignation	0.4744287851819729
pathetic	0.2980985194716989
mockery	0.4887656791744101
taunt	0.4674004570336509
nightmare	0.47240866614908883
exact	0.41233765614721846
logic	0.4868395434159359
lucrative	0.484541297735538
resolve	0.4823407253141546
pain	0.3451169965316135
misuse	0.48814640014009436
solution	0.46166440433483275
sensitive	0.474520117620633
deluge	0.4735500510920884
ferocious	0.48622239868357453
dare	0.4302443344717891
slander	0.4878905795686089
dignity	0.4852481150760149
supreme	0.48712535666630385
outburst	0.45901190755563953
summit	0.47328266366774446
wild	0.486460162591599
low	0.46569750205371613
mad	0.3397183728838057
merciless	0.4775937870194594
grave	0.37579895778843536
thoughtless	0.48716133781232634
fool	0.4546786662976507
impatience	0.4859645029031153
controversy	0.4519078274405539
champion	0.476053037583914
agreement	0.491352640841903
actual	0.4561145562540538
questionable	0.48713353252509994
confidant	0.48873962174159596
friend	0.4772636984824457
controversial	0.48172945451110283
assistant	0.48705164417689445
open	0.4815836799668613
pinnacle	0.48476195262738114
radical	0.48454323620088713
worry	0.44791416023524105
sage	0.4117027086957335
vehement	0.48870484237568573
critic	0.48651791642745573
lunatic	0.47426427706573326
cool	0.4751369185684218
interested	0.47041190101730507
useful	0.4798721306675274
inference	0.4720819928603152
equality	0.47099654452719214
laugh	0.4571825672332537
mumble	0.48295552480380466
tolerate	0.4870936286905406
dead	0.47460610772701495
pledge	0.4869547831077258
confiscate	0.4877444881815242
voluntary	0.48525710218738816
confiscation	0.48790526546726665
crisis	0.4742717354112882
hug	0.5101930554469088
affection	0.4870824298609823
strike	0.48642809741637405
risky	0.4522723263544811
favorite	0.4812786948446666
tact	0.48322405963370074
popularity	0.4836699335189139
accept	0.4852159857040021
viable	0.4645758602492957
intimate	0.48190752831566447
prolific	0.4887602179141774
friendly	0.48735703730953983
compete	0.48121703667481464
enjoy	0.48567781098491836
enthusiastic	0.459386657907652
bright	0.36756876681973266
fiasco	0.4373335203444234
bum	0.47790945721831135
worth	0.48416099645888727
terrific	0.4749036899299276
qualify	0.4846602098226684
confront	0.48256074315082964
satisfy	0.4876509985698879
block	0.48714043566780985
hedge	0.48577805404655994
suspicion	0.4885327929087124
permission	0.47468071130919226
falter	0.4719784094688367
stable	0.48426279844800524
backing	0.481861701519563
cohort	0.48856405964454813
highlight	0.48784319890213895
disastrous	0.4707126223275323
restore	0.48555155586886123
motivation	0.4823992734446938
fraudulent	0.48280892900533984
courageous	0.48767451123083366
violent	0.486883724871377
clash	0.485372826321422
conscience	0.4398302594280546
untrue	0.3567508706835204
protest	0.48513249297685046
clean	0.4850006242248585
nice	0.3295068963994785
interfere	0.4860448249320588
unhappy	0.15250984196960574
tragedy	0.4729795911541664
fearful	0.35594165040270503
divide	0.48274349799025595
competition	0.4853790008271361
dominate	0.4711264080410777
intellectual	0.48609703371462587
flagrant	0.4874306263965386
ruthless	0.4884583324219111
oppression	0.4535702038479747
education	0.46474561602554443
equity	0.48712658095730504
favorable	0.48321437202345213
sweetheart	0.4548016386881824
suffer	0.4872642242878481
authority	0.48389645370061635
competitor	0.481137253764552
tense	0.3959681072347363
resent	0.4287921024440881
prowess	0.4878180409078536
resentment	0.48753022764197523
merit	0.48035487901640883
council	0.48866411454885667
gay	0.4757335175307554
competitive	0.47642234015359947
disapprove	0.4884945491694472
resolved	0.4697046721955026
unnecessary	0.3991697682113184
comprehensive	0.4862827267782147
likable	0.47008558925987287
decrease	0.4718830622136085
unemployed	0.4847290868060034
expense	0.48526404167033266
stagnant	0.4826066354298123
factual	0.48585060846666933
inaccuracy	0.4816369468426834
sufficient	0.4837357975844044
injury	0.4880777730213815
severe	0.4847187974531657
succeed	0.48011682495761593
improve	0.4838248992303247
poor	0.14977210119955048
clarify	0.47736743525170594
progress	0.45773455623892173
refusal	0.4874604882743566
honest	0.5234059888744005
unsatisfactory	0.4289839305695772
collaboration	0.4861794504893828
bury	0.4866134625902053
shield	0.4887620677797909
mutual	0.4883359998696972
senseless	0.4731870174093203
painful	0.4557893750888748
tremendous	0.5738041868550735
offend	0.48343872675171323
detract	0.4856724370154055
patriotic	0.4463311808625796
emergency	0.5734772225481235
decency	0.48555120665416057
goodbye	0.48774180162301833
pride	0.48643646079149977
edible	0.6086423052096096
tragic	0.4879218992598209
assault	0.47934537082630607
inconvenient	0.48748503763839746
loved	0.7098391474050275
epidemic	0.485209161265843
condemn	0.4867847317305969
trap	0.47929881506486843
demoralize	0.4874947715462202
responsibility	0.4609074491918273
reconcile	0.4834775317591763
human	0.3791378050518072
donate	0.4868091947148873
ally	0.4870632025908364
sucker	0.4626918308431062
punch	0.35661971129310227
sadness	0.48213619045714773
outstanding	0.48260916973608303
disrupt	0.4848837952597856
compromise	0.47357281083995123
quit	0.4859850815273818
shake	0.4876849740260775
segregation	0.4881232609405778
honor	0.48317107714781515
repose	0.4867734011664947
angry	0.3826128164821721
dying	0.39967963672150114
attendance	0.48348150234227066
noise	0.47187197521628715
stab	0.3778286300131752
heinous	0.4860659400646112
grim	0.4884677558667602
unjust	0.47589476009376713
deadly	0.4889455948088632
fulfill	0.4847367214673751
pitiful	0.48746434309923775
backward	0.3716111814910926
ashamed	0.5165276734471992
subvert	0.4858715020433512
treasonous	0.4707280939067068
miracle	0.4377766886924725
whine	0.47992041865613777
cancel	0.48538736239427
awful	0.48322304250611825
terrorism	0.4880064097517852
amplify	0.48649811425252104
privileged	0.4747725371890127
arbitrary	0.48579124016749126
forbid	0.4857024696859206
famous	0.4754178922181086
temporarily	0.48851544051566276
deserve	0.4103230338195966
feud	0.4861216004599468
embrace	0.4790642487842995
prohibit	0.48741350927614757
poison	0.473085811013443
humanitarian	0.484185454051466
atrocious	0.48833687215138766
advocacy	0.4874524085215775
unpopular	0.48566336609600186
amnesty	0.48729968633310733
prosperity	0.4868578598342913
impose	0.48692436767802383
cheap	0.4874479356574382
eager	0.5815680726443435
offer	0.4862570810303854
lure	0.48284554182949313
division	0.48811873425522284
smuggle	0.4808827730404316
productivity	0.47377772831971976
reward	0.48814453629909044
profit	0.4847977746667524
advantage	0.4834306915495576
shortage	0.48653575696324713
establish	0.4874288403588713
permit	0.4862288721781314
decent	0.4498182400579312
inequality	0.4647771591338474
decline	0.4831835920149427
luck	0.37503058509859327
congested	0.4838488443723862
alarming	0.3541981721544056
uneven	0.4871777936862604
disproportionate	0.488259643619147
educated	0.4781433933322754
disadvantage	0.487390473789753
dynamic	0.4702815957561131
prosperous	0.4881819273118097
dissatisfaction	0.4861619242040105
pessimism	0.4715745842234164
ruin	0.46353436389305774
anxiety	0.4616447947806598
insistent	0.48865912796312383
bloodshed	0.4849047821672858
imperative	0.3985370186449618
powerless	0.48463909675828765
myriad	0.48847192960667435
illness	0.48439314621069524
unfortunate	0.1388555362821102
applaud	0.5130126573417624
skill	0.4877359454543284
grateful	0.4754755537274606
raid	0.47091704982252675
outright	0.48636804825051827
commission	0.48527664988855274
distract	0.4803485224745978
accident	0.33818652099308594
slash	0.4876307977772772
sensible	0.4825701842053883
commonsense	0.46250961262035745
successful	0.4687682144023936
discriminate	0.48770826565795405
cancer	0.48833799182257603
disease	0.4872676319694999
fatal	0.4868680029092844
abandon	0.4858528791650128
condemnation	0.4866408035345314
regrettable	0.4806776323497301
autonomous	0.48882999366521723
outcry	0.48427570660448016
misunderstanding	0.4881114807893757
disgust	0.4850927624925806
scared	0.398355046511395
difficulty	0.484399799171942
rational	0.4867063651558662
applause	0.4047788137948599
kill	0.48321088801645057
demon	0.4886914796061369
bullet	0.48468865147934087
animosity	0.48603823777954847
sinister	0.4890149151391661
vile	0.38697028398038485
incompetent	0.46620919892897356
arrogant	0.48688863255427406
inspire	0.47926299246585186
realistic	0.4028901921707707
consent	0.48666212168937684
adversary	0.4885839102691089
despicable	0.47192252864931744
disgusting	0.1549825630962314
dark	0.4803684392248424
shameful	0.44750113424485377
terror	0.4884609660532885
uphold	0.48628317963418405
forgiven	0.4864328489638854
destroy	0.4838096071881139
petty	0.48645042550747397
overthrow	0.4876051391852392
confrontation	0.47379965973855614
peace	0.47478015016906866
rot	0.4832131427595484
eliminate	0.487212486302694
evil	0.15250986797599547
devotion	0.45995344054723314
denounce	0.47973560938312365
inaccessible	0.4749710832979312
complicity	0.4847788334874813
endorse	0.49069257318039766
insecure	0.4812554444508738
scandal	0.4570781444486849
inexplicable	0.3270554121464928
admirer	0.4691574765586263
bafflement	0.43727188068685846
combat	0.48705204801518176
tactics	0.4868030402643264
indignation	0.480384518742551
sarcastic	0.4823322460059884
sorry	0.3466140381363348
fitness	0.5488767127933645
foe	0.48782267131931284
strain	0.4882814943027416
refrain	0.4806637336807323
sophisticated	0.4881325483111669
dissent	0.4882492508510845
threaten	0.4836038622396044
pleased	0.6124948123882491
careful	0.48439786318744676
dislike	0.4850842315221196
guilty	0.488156083637105
understandable	0.4279396063982442
overturn	0.48703167369687006
elegant	0.4881061055717102
tempt	0.42869487699170655
drunk	0.3584335098892303
intervention	0.4867242033545038
courtesy	0.48740129383813874
thirst	0.48050638768602544
compassion	0.4832252210198117
excessive	0.4879312804232674
pollute	0.4860287230308173
impunity	0.48585358700941733
punish	0.48648860426957674
premise	0.47344687233787064
flimsy	0.4707014860771553
fear	0.4646834754804864
ugly	0.3806586845119847
earnest	0.46326496379515886
sacred	0.46692663571496523
fervent	0.4854453615256009
grandeur	0.4887210015343201
ridicule	0.4843326471746492
discredit	0.48712241940340373
hatred	0.48779506342654516
leak	0.4885767364428448
prompt	0.48679528178979825
crushing	0.47613864623088653
suspect	0.4966236639197059
remarkably	0.48816675501384377
altruistic	0.38421908785380593
patriot	0.4276130341001852
dirty	0.48752962169628833
rat	0.48763800780393796
alien	0.48761134408129314
demean	0.48827587506862574
humiliate	0.48752149582157256
unlawful	0.4751526269311767
mock	0.4877584881470135
tradition	0.4870334141368767
freak	0.46769748547904155
tolerant	0.39199728540412443
pretend	0.5684164085657223
rejoice	0.48439079055894974
joke	0.41301840402979784
censorship	0.47953356149876125
productive	0.4856390483035557
damn	0.3177619351128357
insane	0.29279859700272237
devote	0.4864896143960687
craziness	0.54468405876695
rich	0.3644997557665263
grand	0.4831016700516845
subsidy	0.48789299532269764
deplorable	0.4883419147243328
prudent	0.4872016428233455
dedication	0.4696544667786701
fun	0.4620322965898445
classic	0.48613300883878036
advisable	0.33935174514657257
hurtful	0.385072876515804
disingenuous	0.5456920531240063
impressive	0.4875691547729448
savvy	0.4887826549475646
preference	0.48738408259767196
scorn	0.4883286630260764
enhance	0.48550953807556385
inform	0.48822196330088163
incompetence	0.4890177077465667
disavow	0.4724438961801652
hit	0.4845777956576715
defensive	0.4656426191369267
admit	0.42287742011917456
benign	0.4885727411986107
donation	0.4864460244058
artificial	0.4876237454440468
manipulate	0.4591592589506334
costly	0.4873574093114832
willingness	0.48544146183849046
independence	0.48356927975761294
constructive	0.48634722205783143
horde	0.48778379183035814
ungrateful	0.48769620625223303
glorious	0.48819207651814966
fanatical	0.48882182198867336
monstrous	0.4878732416848133
uprising	0.4767373780813369
frighten	0.4562568360965192
misbehave	0.4844977104067799
sick	0.3633223119633171
beacon	0.4429896163827054
slump	0.40441641862803956
stunt	0.4883564407917258
attract	0.4869612499829747
unrest	0.488868440204745
lover	0.4224546902595553
affirm	0.48572166246468174
abrupt	0.48868037623575666
invite	0.494630843225235
victorious	0.45587115118448956
panic	0.4753630789331111
sad	0.3547192495692597
redemption	0.48614674839148037
intimidate	0.48544004999410023
aggressiveness	0.4880645068256977
adverse	0.4884899436560862
wicked	0.47851498847957696
heaven	0.4761614341469153
tired	0.4293560421424793
reject	0.48579631153432973
outsider	0.38586818998016287
sanctuary	0.4881490549413583
welfare	0.4875026603605535
association	0.48589405712181105
prominence	0.47625731088302015
tension	0.4757633184611002
shock	0.48784539860911275
patience	0.4494605406697554
fantasy	0.4865677116541691
optional	0.48598811686803756
secrecy	0.4881722248712724
glean	0.4875553357951573
miss	0.48994577665198197
innocent	0.476077488685517
luxury	0.48547632302594723
impede	0.48584901274084913
effectiveness	0.48673390959535984
comfort	0.47755788354424167
measurable	0.4750202371330866
motivated	0.48503483923370666
enrichment	0.48825593072596074
murky	0.4871488077846413
sin	0.48195235755606963
actuality	0.4741165095203214
riches	0.4884672867704868
sublime	0.48546483959001924
extraordinary	0.4198643398799253
siege	0.48726849609033407
enemy	0.3430439765510816
righteous	0.4890107489444264
faint	0.4869946160844054
fortitude	0.4789623618449623
valor	0.4889211826301101
farce	0.4227737865680386
marriage	0.48277548799021963
daring	0.48063415219882355
grievance	0.48848918420309945
adulation	0.4881668117952147
joy	0.48584836775208695
affirmative	0.48628283528687466
ideal	0.4049495407211292
runaway	0.42793300470201207
lament	0.4856180744537043
eradicate	0.4879872846914146
charity	0.4881108805769683
marginal	0.4849796137154748
revolution	0.3741523210121723
owe	0.41370981608118657
clique	0.4489649052252187
fresh	0.48754620735685594
unsuccessful	0.48534076205416593
ignorance	0.4852384940148605
obedience	0.4885230996477049
weird	0.4199446272913396
truthful	0.48525606225807555
struggle	0.46459706227754677
hysteria	0.4832388176668058
indictment	0.4747150867880169
wisdom	0.44657735134538673
disruption	0.48672813596678643
queer	0.48830531467009214
aghast	0.41944769208591137
slam	0.4871657331235156
audacity	0.4832391209243026
efficient	0.4851738276843518
safeguard	0.4743269811112542
overlook	0.47262927437880115
blast	0.4881908213855286
elimination	0.48527990699556467
celebrate	0.4860970684345607
humanity	0.48487200894628485
nervous	0.4434739536072393
stain	0.481580370664263
intercourse	0.4820489458709104
legitimate	0.4504572100002448
badly	0.450704654894401
profound	0.4589281833547065
irony	0.4658241492320024
enlightenment	0.47231007000097086
tyranny	0.38697934727148786
bore	0.4851114831884288
mobility	0.33703842371987264
grab	0.4678724149418044
rid	0.4467440557563076
expensive	0.48741954807869303
undo	0.48777151666394913
devastation	0.4865569514124524
dim	0.4805504501071917
aggressive	0.4835121446942423
distraction	0.42418020038438375
hustle	0.47778098330442154
sympathy	0.4854879530017826
susceptible	0.4868291440400451
famine	0.48616062498953844
sympathetic	0.4856206007529586
poverty	0.4842914282841672
prime	0.4972275977180181
explode	0.3983496894781973
dependent	0.4843195065249281
rotten	0.4522818428953364
hypocrisy	0.48606715362250963
unequal	0.4889369969716905
empower	0.48588946407308536
enrich	0.4842781881340122
ironic	0.46241741735009134
wound	0.48816375229234665
complain	0.3796333319978297
ruthlessness	0.4853815912639795
disdain	0.486525844559696
crass	0.47399452762021477
scream	0.4880163821881342
intelligent	0.485780966884601
bizarre	0.4847516661436964
balk	0.48319275869386197
denial	0.4872611294178249
uncomfortable	0.34460882412156013
stimulate	0.4863202545958895
valid	0.4610884583755978
uplift	0.4814432244329025
fat	0.48793488606452873
plaintiff	0.4732571543701649
bomb	0.4874306434264263
mint	0.48449887188798485
menial	0.47845008014952145
evasion	0.48375268524102116
compensation	0.48770576058944665
cruel	0.4856158197121715
liability	0.48427828952103646
extinguish	0.4802168120134602
strife	0.4885825056820993
sanitary	0.4739774882585602
stupidity	0.4881017472075575
unimportant	0.4567506437397225
debatable	0.47401587440394166
useless	0.48850471954487784
extermination	0.4884745546761398
subsidize	0.48691287743884165
unity	0.48474972097769764
turmoil	0.4872175286909558
rampant	0.4873105589417848
depression	0.48603787408344407
catastrophe	0.4883243928321044
bolster	0.486355161994114
guide	0.4862452828536775
mourn	0.4768438285417634
tribute	0.4859382340790617
cute	0.46009735394596935
domination	0.4884408420052885
paranoid	0.4886012080204971
scare	0.5593903916072387
doomsday	0.48761281475110313
unreliable	0.48530247625949896
significance	0.4676390806891752
exit	0.48594921600738833
undoubtedly	0.48750626130320457
delight	0.4876752945808078
insolence	0.48759156192284
fraud	0.48409382367852355
justifiably	0.4852023200036629
hysterical	0.4887105154947914
generous	0.48566242743710897
homage	0.4843660048273669
adequate	0.4852331292329527
pollution	0.4870495082155486
bless	0.3538810469425038
pure	0.3592242293216618
traditional	0.48573828868816443
drag	0.4872075631063179
assassinate	0.43984999896353816
dunce	0.45387261610971336
disappointment	0.4870613066819772
discourage	0.4881899993859388
oppressive	0.4843658275220132
ferocity	0.47656479467185214
harassment	0.4783272878675073
rejection	0.48348984807722306
waste	0.485818055785306
cancellation	0.48667931760431404
warm	0.48591349417251395
sincerity	0.4550955442722194
comprehend	0.46337547118712213
competent	0.48222183216826203
eloquent	0.5687177735847496
filthy	0.47740457147347676
oblige	0.47123470671770357
dismal	0.48816360613786375
pinch	0.4856952902014532
reprehensible	0.4013718492014163
erase	0.45886816410014897
trauma	0.4713840913331552
terrorize	0.38227943054540126
bait	0.4707850341329418
defender	0.48447328551308355
paralyzed	0.48831939629596416
revive	0.48628845289432365
explosion	0.4879537811227262
mentor	0.48819525308359224
accomplish	0.4168889206241627
savings	0.4832219983576016
contribution	0.48786513763906375
bite	0.48684965837424443
unlimited	0.47078352450689404
ease	0.48747458968064356
bail	0.47530049192237517
collapse	0.4863250811061247
hoard	0.48765431374273843
partnership	0.4842993261720854
default	0.48566377434424884
profitable	0.4825018203153092
indulgence	0.48445434527970077
incorrect	0.486450759007725
smile	0.4688787219340153
conducive	0.4866973759590755
deaf	0.3943349557332153
coordinate	0.4855555593222773
execute	0.4745010528620992
immortal	0.4882403885544168
junk	0.48635936518727996
shoot	0.48611975706828203
incapable	0.46039654177715306
athletic	0.4890152456538853
drop	0.48642921102071607
sneak	0.4811171966348185
unwillingness	0.48839076155229977
abrasive	0.45927702682460275
fruitful	0.4889528715136536
guilt	0.4676528067144705
awareness	0.4861463261430332
assurance	0.48698419033222357
disgrace	0.45963727332301546
dent	0.48866560987276425
cold	0.4833709081923721
thorough	0.48305770579859997
inhumane	0.4872813510945492
burglary	0.4887430473662929
erroneous	0.48861390068527344
reparation	0.4883149490922693
backbone	0.4882073418127166
symptom	0.4449168712426121
immoral	0.4859288491798781
coherent	0.48724753242324903
discomfort	0.48739117406497995
distress	0.49263545355196703
flirt	0.4576688978146039
talent	0.4878969076605547
impartiality	0.48829986206681025
negligent	0.48840926663148115
optimistic	0.4487342443637872
excellent	0.8274312554154816
congratulate	0.49841410608078845
stark	0.4734452487349949
repugnant	0.4686986730815587
dear	0.481907645949388
offset	0.4847927772214478
unfavorable	0.48241787572975103
populous	0.48652683150022025
grotesque	0.48693515874790655
bravado	0.48688186350057744
forgiveness	0.48562925818290775
principal	0.4647883477951301
forgive	0.48728600381403225
delinquent	0.4866116110190724
improvement	0.4853888843432745
darling	0.4875468166849192
educational	0.485933673776116
capable	0.4824416246962278
derision	0.4872630048645461
rip	0.4794376211419562
excitement	0.48817099840405237
impress	0.48820447444958104
admire	0.516800111136058
promptly	0.4881277518907429
tear	0.48471828227525277
dread	0.47552739801592336
battlefield	0.4864175764710461
bravery	0.4858898676003363
brilliance	0.4849777595985267
blow	0.48565689708262577
formidable	0.4852447194124385
reliable	0.4884617749746408
blunt	0.47546659006977965
privacy	0.48609214583045607
innocence	0.48710338336324416
equitable	0.485764955767878
competency	0.4886192444365736
acceptance	0.488654440341222
insufficient	0.4612283965960204
deference	0.48825314217363397
fortunate	0.8370084411521064
reliability	0.48734982863387466
languish	0.4884213334513453
inadequate	0.4860023909945772
ill	0.48799817622325103
rough	0.48046735060019324
subscribe	0.48493176367387186
exclusion	0.4860902394660546
rogue	0.4783192852276259
polite	0.42458724549576293
fault	0.4780738802630441
foremost	0.464421764874253
manipulation	0.4872150027430542
uncommon	0.4323286577652881
innovative	0.4862102354358322
fabulous	0.43186381929664974
absent	0.47524849798326163
dictate	0.476892195964356
consensus	0.4809737089545127
collaborate	0.48300979035770497
excite	0.48675565242190744
ineffective	0.4871656872798453
commend	0.4947033829310083
irritation	0.4839890888200822
mercy	0.47893787338565547
cynical	0.4722978522956972
lurk	0.4886447171563881
multitude	0.487992563502923
humility	0.4888235351602651
thoughtful	0.4829971814663598
coercion	0.47594402213289244
blind	0.4881595381048262
maximize	0.48692594259744026
prize	0.48043133541713545
revenge	0.4880925345302772
triumph	0.405373397802604
contribute	0.4866585903722989
impetus	0.48376780199832936
refinement	0.48229838997531005
cheer	0.48727330641417044
essential	0.48220109896450897
benevolent	0.4812153996188863
flounder	0.48400789381705783
alleviate	0.48807006929945324
creativity	0.4866285124597513
embarrass	0.4863029683172042
grace	0.48711521255947837
elegance	0.46621529639899045
unqualified	0.48821981839776923
art	0.486655030142871
relevance	0.48860641621476325
discontent	0.4871412587927003
proficient	0.4845137825014359
aggregate	0.4820800319551114
enforce	0.48764847971233033
gamble	0.4539361946953878
differ	0.488416229043838
commencement	0.48799816242181343
ostracize	0.45905735519418994
responsive	0.48579630589865275
flexible	0.41512481715458394
thrive	0.48128639049321637
amiss	0.474366272201152
accommodate	0.48873189533727335
organize	0.48391255329046856
restriction	0.4861630726027637
hostile	0.4858686054918547
practical	0.48498048471768934
affiliate	0.48605280851604493
loyalty	0.4878755146155578
companion	0.4888908916755344
arisen	0.4734072523166708
desirable	0.4870083324406023
ambiguity	0.37027353717295763
survivor	0.48880115025433646
burn	0.39309409994311895
monumental	0.4857423737774354
keen	0.48746966352911697
graduation	0.4885133629196333
lonely	0.4425657875555846
unforgettable	0.484167560695098
chase	0.48540829448640205
graceful	0.45255120573571
worthy	0.479509361257655
contradiction	0.4690643620114801
clamor	0.48853282158660494
rigor	0.48352878743909466
consistency	0.485377369781412
compliance	0.487580341591087
divert	0.48611866024013317
jeopardize	0.4870354321528696
salutation	0.4396623623509144
terrify	0.4862233995156847
scrutinize	0.487741705311025
deprive	0.4861944376014216
conviction	0.4885076578416949
rash	0.44446847211996715
appease	0.43598259603715533
apathy	0.48786996918907855
sincere	0.4616532622614529
adjunct	0.39041856904787164
crook	0.3792933660432837
passionate	0.4726606701900747
distinct	0.4890950788560412
deficient	0.48277058209669993
confusion	0.46634948747998506
discretion	0.48595464906634217
precedent	0.46460876395102224
acknowledgement	0.4569682695568661
apprehensive	0.4715686774455528
obstacle	0.4385700706613475
colleague	0.486963268954359
detain	0.4842092028984154
suspend	0.47795580214788086
trespass	0.48812077061308856
theft	0.4883187934712179
mischief	0.4887154051993475
arrest	0.4890396270166461
persevere	0.4874330289377329
cripple	0.4882335496603436
greet	0.48899923751757973
bitterness	0.4874913638891923
rebel	0.4888159894622023
revelation	0.42629035668360565
completion	0.48660400435359946
subtle	0.4864968222426589
humor	0.4701121244644438
golden	0.4683453563909196
odd	0.36645261276236407
capture	0.4864308827390718
sensational	0.48523551957000344
wonderful	0.4602753275400655
wary	0.47892309858159615
mate	0.4737359518188139
cultivate	0.48573398213697966
creative	0.48672695539728894
empathy	0.4776106658092479
candid	0.4616087322854489
bankruptcy	0.4876907264907779
stigma	0.48769762783313636
prisoner	0.48721852637164936
avid	0.48874309199120125
fabrication	0.47612334006527274
jeopardy	0.47860582670750884
rescue	0.47291510599962294
heroic	0.48873668145672067
confinement	0.4383085629800381
precise	0.48834778148817914
absolve	0.46362301462093375
gratitude	0.4318221456132732
moderation	0.466353840951705
limitation	0.48932696589121527
outlaw	0.48608144336034026
healthy	0.3942286087255629
persuasive	0.46901779855698117
blunder	0.4861234119929878
cruelty	0.4853240090981357
gall	0.44431861872190437
obscure	0.48846590942128404
misinform	0.46942170751478585
contradictory	0.4861383286528975
consult	0.48627927773205226
insult	0.4860648111902495
inflame	0.4886673371548222
jittery	0.4422987670625318
suspicious	0.4844264920260279
purity	0.3861742179061942
proactive	0.4866377258914026
superior	0.4869085767232222
allied	0.48765602395470564
untouched	0.46104972585332316
happiness	0.4866325388165812
exile	0.4839557625213503
selective	0.477395361514292
furious	0.38853482249539356
stink	0.5001672153957668
vigilant	0.48730785869455934
propriety	0.480716397161253
remedy	0.480759257493897
subscription	0.48861120271659536
fist	0.48872057169748484
traumatic	0.48808568579738143
rightful	0.4886083117309753
friendship	0.4810537450079739
outgoing	0.48871185561004127
desertion	0.4877912237264289
amenable	0.4832515633137241
crush	0.4882819807151513
brazen	0.4873528614806617
rehabilitation	0.45251043895756066
imprisonment	0.48830097077718465
bereft	0.4845969680345701
beset	0.48626246563732656
brood	0.48792441735537784
ambiguous	0.48515956501736685
reconciliation	0.4863956963909722
plight	0.48650856528255737
resolute	0.46963625544121324
conjunction	0.48643280167037106
inflation	0.483956548052038
lawful	0.488244025245176
reluctant	0.4866374898802469
suppress	0.4839520292660951
attractive	0.4889274205264064
innovate	0.4383279943864358
damned	0.4552815071867206
repair	0.48827849951386815
brutality	0.4874569170236258
torment	0.4721536671269857
foster	0.4827134886483112
compensate	0.48436795455859716
abolish	0.4872679300721831
exclude	0.4811676972937707
accomplishment	0.48567935527010414
inferior	0.4820354751995809
hunger	0.48712681394488455
wanton	0.4733729062390222
havoc	0.473073671137392
vex	0.48869490682379707
audible	0.48272396030051307
simplistic	0.4697247896551068
burdensome	0.4858279841068221
thankful	0.4445920223594792
intellect	0.48735589739780405
wise	0.4853681427334972
bogus	0.4741904112060981
wee	0.48704148218124194
weed	0.4692282453973067
avoidance	0.4817010281577575
lowly	0.44426485874811955
veto	0.48690186891606496
stammer	0.4647029582142808
negotiate	0.48636510593910615
killer	0.48738142071829965
conclusive	0.510441641699829
envision	0.4881853785791404
displeasure	0.4807346682404201
unsafe	0.48501289770451306
scuffle	0.4759382009704011
ascribe	0.3883236822638203
wrath	0.4606486282000046
immature	0.4888482265048108
empowerment	0.4839748411400239
comeback	0.4766240618094655
virtue	0.4700079047642265
childish	0.4194840263333613
bitter	0.48829887991345394
rude	0.37497029791090725
hack	0.4823703321684177
detestable	0.4791420414549002
treasure	0.47826490600693816
roughness	0.46541940902889184
chaotic	0.4867844053966021
reclaim	0.4710282890202206
peaceful	0.4880494357135458
noble	0.4855006276828802
humble	0.48861624424197225
cherish	0.4871921419493548
beloved	0.4622662374701659
hostility	0.48772193222143934
stress	0.4846894954198365
hated	0.14969900340467754
thief	0.4881946159305808
bolt	0.48716989327058735
filth	0.48840358798399996
venomous	0.4832889757228479
ignorant	0.41584421034810715
insight	0.4588469854739743
swear	0.48685170260433625
compassionate	0.4679793656789621
depraved	0.48779226024436334
defiance	0.47497882771970606
shallow	0.4874655987427391
deception	0.4775821682507458
betrayal	0.4760738277354448
hideous	0.45005834206915724
distinguished	0.46874006480709235
masterful	0.483641470165648
restoration	0.48793915936021953
disguise	0.47260481756739386
belittle	0.4768619772291721
harass	0.4412013538762115
giddy	0.47030475594843546
precious	0.34001809132323496
calm	0.48723758656432364
curse	0.4846446808031952
unspeakable	0.48681579511090395
comedy	0.48854510775223203
degrade	0.4859085318436302
divorce	0.47560437350080464
invitation	0.48107160204903887
fumble	0.4840741494328689
trick	0.4683573411955616
dazzle	0.48675280208162414
doom	0.4868277374358006
silly	0.4259207859092567
salvation	0.48745457608719595
crusade	0.48581316765991983
lively	0.4865995122331632
divine	0.4883577032991359
verify	0.48438952699228277
goodness	0.3522028198498564
heroism	0.4885733278448256
fearless	0.4803399694464627
inspiration	0.4502910791630912
harsh	0.48548189972402644
shred	0.3622644102261188
malice	0.48269944987711816
suffice	0.4779617799702953
adore	0.4991759895279804
visionary	0.47738144892906353
tariff	0.4880620647439916
disorder	0.48852737269314156
malignant	0.48815555153084894
fiery	0.48840223109325426
harmless	0.4292021780605604
oust	0.4868445302641715
unworthy	0.3328311660522432
pardon	0.48579075093994195
marital	0.47388956858333414
hazardous	0.48712087729001124
disappoint	0.4640856887724739
prosecution	0.4881822428656683
readily	0.4882079190997794
defiant	0.48653935344595245
advancement	0.4811420958815491
fatigue	0.462883273141643
paramount	0.4735248065261304
efficiency	0.4875808080047778
chic	0.4887664673530375
inefficiency	0.4886701037542398
deficit	0.48667118416832394
plague	0.47807998080041053
genius	0.48852544921333957
perilous	0.48211258122337486
disapproval	0.4888501471802683
cooperative	0.46157216380543653
arbiter	0.47170866936425315
upfront	0.481744204549879
tamper	0.48495795895296717
sank	0.47671183387181193
muddle	0.47262514539605915
mobilize	0.4613356914388364
lifelong	0.48831686920803713
ceremonial	0.48894376961952496
championship	0.48910869053799716
casualty	0.40411945753091827
cure	0.4829566818583662
pertinent	0.4088001274315016
conceal	0.4871684924074568
repudiate	0.48173072290129
gift	0.39009109847928625
sanity	0.35022825816004893
prudence	0.4567034514591811
viability	0.48178504986344833
kick	0.48609585869662164
shelter	0.486708100814875
candor	0.47949014638805415
allure	0.47630990688337155
culprit	0.4846861717898438
stability	0.48811970473566135
respite	0.4873300800955851
conquest	0.4860094428278767
sap	0.48805293566595254
complex	0.4864171018309129
complicate	0.48622501931318857
destructive	0.48566703054223687
morale	0.48863057255440384
outbreak	0.4880874313741316
corrosive	0.47806065322610314
savor	0.4724399097496755
anarchy	0.4827520175265042
boot	0.4251359085719583
sweet	0.47424429628880793
unavoidable	0.43980523722130327
upbeat	0.4874869225525746
explosive	0.48160401663748914
bleak	0.40896385101764754
unstable	0.4881838162572717
thwart	0.4885439524292739
infringement	0.4770805310305756
mindful	0.3872389945658795
connect	0.48733777893638697
beneficiary	0.47317921467891094
woo	0.4870535042799887
legitimacy	0.48762549821101486
expedient	0.39400763141871625
rigid	0.4857607740851237
strict	0.48805746896355434
encouragement	0.4839101898686446
redeem	0.45457642653201896
familiarity	0.4749651673593493
charm	0.48824345402103964
detrimental	0.4778633570364458
misinformed	0.43157057745584854
coddle	0.45104866945962213
intrigue	0.4866235086944773
outset	0.48401960660574583
reassure	0.4834152047564588
careless	0.4870758981179883
authentic	0.34555795704211445
crooked	0.48810171954471293
comic	0.4890468865159738
egotistical	0.45241816038334876
heroine	0.48662012135020305
revival	0.4691284765882165
fallout	0.48372520017868303
disbelief	0.48526613893937
marry	0.4517500893431703
complexity	0.48851210804578604
glory	0.4855436694616046
tenacity	0.49423278379007635
bout	0.4067543510828027
instinctive	0.4725093906446542
misunderstand	0.45120639324851003
unimpeachable	0.47669228564969923
seize	0.48659479070739636
mistaken	0.3031312246787148
barren	0.4339934007666058
inspirational	0.4699606257531949
grapple	0.4855710243652819
delicate	0.48857465146589496
distinguish	0.48256377840795356
inventor	0.4884371330738377
marvel	0.4860389188744598
overjoyed	0.44111972924063686
censure	0.4862364092523834
shrug	0.45686133593310196
notorious	0.47799364970989416
erosion	0.4802239367373208
concession	0.4886866509865646
luster	0.47862516440979574
potent	0.48655453953030214
sober	0.48468411711640064
impartial	0.4577028415774715
temptation	0.4107975943566614
stifle	0.48591561352990786
foresight	0.4207734432376845
diversion	0.48239990344258965
discord	0.48742865442964606
sting	0.4862760176305689
vie	0.4795996490689025
peculiar	0.38791537222918815
gratification	0.4866261277951384
static	0.4519704738368742
prohibitive	0.4719573870300621
adept	0.48681298252538285
daunting	0.3876310387207443
protector	0.487199778332723
compliment	0.485085058567705
venom	0.4864633826118472
upheld	0.48892057985072107
mishap	0.4876962983184702
intercede	0.48241115467867873
hollow	0.45083300919557656
bondage	0.4822217356644744
availability	0.4857666204737622
drunken	0.4180207534679733
slap	0.48556227704530036
longevity	0.4863865894055793
capitalize	0.48091844394835315
crumble	0.48794374457416156
naive	0.4857622244472098
distortion	0.36796220236795546
clever	0.4834887306275715
bloody	0.48894841511092674
demise	0.4809068787593868
neutralize	0.366548379580488
villain	0.48773876977496766
motive	0.47844798722216497
shame	0.3816151031429703
lapse	0.48442374162394064
spiteful	0.4338648144688914
lone	0.488961307027477
devil	0.4795676889121496
bargain	0.48242949287604875
obsolete	0.4850700440117073
misery	0.48525907832624815
slanderous	0.4834600238172337
squarely	0.48703487803367035
ultimatum	0.4847066910562176
uproar	0.4874454088372292
somber	0.39152441328428556
fervor	0.4842448508934005
trustworthiness	0.4735395808436263
abide	0.39916527606409197
dubious	0.4885185148931101
dignified	0.38048677882724397
harmful	0.48688374782906074
pointless	0.485102614521734
coerce	0.4816916967075338
hypocrite	0.4641765486489313
charitable	0.4881253743838098
ecstatic	0.4549630674934276
unfit	0.4452438837509581
massacre	0.4826252551748714
lucky	0.5190390420265943
prosecute	0.4874627883552853
steadiness	0.4838287830719624
omission	0.46239426705158176
idiotic	0.44236115693704964
morality	0.4709405443221594
callous	0.48746937177871075
wayward	0.47794844294209526
hygiene	0.48767259683168357
apathetic	0.38182723165403804
invisible	0.4449144562391756
irrational	0.48988068639486015
bankrupt	0.3662302914758124
jobless	0.4873333072663895
intrusion	0.48613752685059747
congestion	0.4857630120997113
sarcasm	0.45311379157639353
shark	0.48465354835705815
healthful	0.4792345122432801
kindness	0.48419779749399794
flee	0.4865433356247644
shun	0.4918813150258772
utilize	0.488373119545653
drown	0.4752747223731154
accessible	0.4858136907110801
dump	0.4875274962657877
ensemble	0.4859259827328685
fruition	0.48550733071704344
jerk	0.48870777381263797
unbelievable	0.48726487705100574
rumor	0.3951539107446031
dreadful	0.4705684569744432
neglect	0.4882994053648072
vulgar	0.4890291525890402
indicative	0.47503454217143387
privy	0.5622221773761645
nervousness	0.4838355615125184
wasteful	0.4872060511523533
fancy	0.48219454735455025
deceive	0.4870707087169664
mislead	0.48063819519756956
prejudice	0.48407344640548683
advantageous	0.3724258283977493
soundness	0.4567431172614768
infection	0.48654237831921143
misbehavior	0.6289877988746032
severity	0.4873052496790371
genuine	0.48827426042664873
ample	0.48993039650666365
durability	0.4753311345757759
stupendous	0.4892299968768412
pretense	0.4545299515582108
scapegoat	0.4350334974315288
miserable	0.42445183638278655
dominance	0.486520677660655
dishonor	0.4927371994925716
convene	0.4786142589141592
hectic	0.5768471574873153
destitute	0.4642229811349625
discordant	0.4877418083213371
abundance	0.4865397740977071
provoke	0.44542844926324004
reproach	0.4800700512613243
breach	0.48417880906508903
annihilation	0.48887982834531774
redundant	0.48419395201801607
dissatisfied	0.42553393264945677
lavish	0.4882326350658088
negligence	0.4872605487597661
colony	0.48834308613646915
antagonist	0.4759857253234109
inconsistency	0.4847862380836892
illogical	0.48660358612377247
hamper	0.48710683692476786
modest	0.48787513182915904
vain	0.46320546476133384
perish	0.4714436251993413
barrier	0.48531104238857375
bonus	0.4879823800668869
affluent	0.48640297565834956
anguish	0.4855302688877699
shady	0.47631310839461494
defy	0.48722764675511215
absentee	0.48607986061069297
doubtless	0.4866655241737594
beg	0.43997373166789827
antitrust	0.487985896236506
energetic	0.4700938161089519
perseverance	0.4879887989267406
renounce	0.48482557823773925
paralysis	0.4848593521348949
holy	0.48889102809513935
shrill	0.3798840635012708
bothersome	0.47540967646068844
mend	0.4461267183810545
wrestle	0.46032413353835816
arbitration	0.4866926455727897
premium	0.4853731091971364
capitulate	0.486006409729023
revitalize	0.4870656420722016
cranky	0.4409550590607881
hungry	0.4862301006544629
pleasant	0.8202781312112842
inflict	0.4877053265885396
taboo	0.4879554014040043
confess	0.6346970879579952
spill	0.479306587938183
meager	0.46568543286365716
murderous	0.48724293976993144
workable	0.4853187785440183
embarrassment	0.4931104158426273
impair	0.48604096128721547
torrent	0.4852859509760181
commensurate	0.4879118693374097
helpless	0.4022176880228079
affiliation	0.4862941110539919
grizzly	0.4881568838734558
exaggeration	0.32583152457030434
reunite	0.4864138694063955
satisfactory	0.4875635454574705
endurance	0.4719410186579625
whimper	0.48380018844774403
forbidden	0.4842801665399031
aspire	0.4808388660140432
attraction	0.4819387667990419
renovation	0.48658526308106076
justification	0.4678456304418704
savage	0.48834218422074394
garnish	0.4868485112702075
injunction	0.4857230147804776
meticulous	0.48701959961199515
boisterous	0.482994539946911
shameless	0.3725575319228674
inundated	0.47380590045628745
reinstate	0.48771422028655387
protective	0.48677243710081747
entrepreneurial	0.4841506728761791
rage	0.4829559120761542
smash	0.5338348271712186
ax	0.4886563906321864
commemorate	0.48702707324716604
turbulent	0.4832960975418918
upheaval	0.48786914120526276
aversion	0.33172982967009557
patron	0.48417993528286
wreck	0.4848421306141442
stray	0.48825910262038863
dire	0.4846918908594445
immorality	0.48742524161458073
darkness	0.45332419463802043
formality	0.47569650486045534
disturbance	0.48860283123179854
cynicism	0.48740687125813037
needy	0.48788232085096417
mighty	0.4679289861329144
precaution	0.48703797907049823
frustrate	0.48643037879785544
jointly	0.48474962865531973
indispensable	0.4783331928868944
persecution	0.48828070429757736
impulsive	0.472825390376649
romantic	0.4843942222544976
beware	0.4160283448416706
apocalypse	0.48858440934423897
congenial	0.4863800859416734
blackmail	0.4527867495767272
fantastic	0.4395678257082785
conspire	0.48671694472423666
substantiate	0.48280177217225173
pompous	0.48063700507522655
clumsy	0.48245538909522206
addiction	0.4757662263197925
conscientious	0.5618162776015247
willful	0.39176467005548693
allegiance	0.48617078158618005
rebellion	0.48622444717262236
deceit	0.48607418850086004
untrustworthy	0.419660865351419
devious	0.4542830886717168
admirable	0.47508298954367406
amiable	0.43445666774100133
entertain	0.4853983640374467
disagreement	0.48770712527859433
discern	0.4875090624710682
secede	0.48130879516594943
heartily	0.4882496434824126
retreat	0.4867422494897508
abject	0.4297608155534318
addict	0.3643611023891364
exuberance	0.4615181418221765
craze	0.47713941567364554
crave	0.5946133621102005
glow	0.47810354720731524
sumptuous	0.4303809483790448
contemptuous	0.48681808610436106
hunter	0.48626624380806666
overrun	0.4875892269806741
acquit	0.48764742474977
sickness	0.4368684641315517
interruption	0.45877240285920806
assuredly	0.4605985986680944
hater	0.4420454319297258
magnetic	0.4819540629962543
eagerness	0.48217795598016866
chronic	0.4620242184747062
onset	0.43491475685535796
hilarious	0.48897361454009014
adorable	0.4584096501617562
piety	0.3864081996693064
hopeless	0.3693368279486695
frantic	0.43018251059419155
boom	0.4844791430268125
eminent	0.4888447238962651
menace	0.3275701543615605
fuss	0.4674191470133039
conjure	0.4873025123170442
backer	0.4849805952716907
belligerent	0.4771843876081416
adventurous	0.4742230792693431
amicable	0.46124193849155404
unpleasant	0.14843767660538273
foolish	0.4518107396201091
culmination	0.48131557743270187
retaliate	0.48765228765350316
pessimistic	0.3797178814036846
predicament	0.4878651970422571
affinity	0.4744943192036127
clout	0.4872413503367861
faithful	0.4882347946875753
ambivalent	0.4722015096094898
temper	0.41246065527035525
obnoxious	0.4890451645276176
unhealthy	0.4866115741986613
hustler	0.4865359791190411
uneasy	0.4479304914003938
premier	0.48623752895862254
shabby	0.48917651877294677
esoteric	0.4117117732098967
commonplace	0.466539490852138
impediment	0.46657996424633597
annihilate	0.4864330947166221
unseen	0.49180534048665697
fertile	0.4880525704634996
validity	0.4881540778510527
flatter	0.4331077664740887
admiration	0.48621150692521786
trample	0.48516228939824524
oasis	0.48879999020951814
loom	0.48764833267343927
satisfaction	0.3980300591760428
obey	0.4859397909355947
ambush	0.48836652421414384
underworld	0.39809066525490183
captive	0.48845850004396607
banish	0.48881328753725334
adherence	0.4843975239140385
virtuous	0.47573826123973567
erode	0.4862086306460173
uninformed	0.4769133593758704
venerate	0.512939787787551
naughty	0.4845231617130261
dissention	0.4328123577589831
humorous	0.4398130765229437
etiquette	0.4868642894319713
anomaly	0.5692203158953537
auspicious	0.47065441071436326
unexpectedly	0.4882379610712858
reputable	0.48588281825673246
kiss	0.579601591117041
steadfast	0.48689686865116527
flaunt	0.48720886219119747
presumptuous	0.3944959588808711
accordance	0.4830847878770725
unwise	0.43170628191932675
infuriate	0.4857856720806136
taint	0.4880294374104039
learner	0.4881435335693726
shiny	0.41122493471195387
abandonment	0.4839322882145288
slaughter	0.4743752805515729
confession	0.6027068326406769
touchy	0.4805142034984619
stricken	0.4759569478531384
intolerable	0.5008475014907701
provocation	0.48867669260292623
hardy	0.4856079973592287
uncouth	0.41919712621337707
muddy	0.4813123255634654
contamination	0.48650954699139004
trustworthy	0.5490464952809847
authenticity	0.4884661665691885
stalemate	0.48549661060709776
upgrade	0.4870947527994202
generosity	0.4870819996310983
prestige	0.4888244534242197
facilitate	0.48057495192447935
alas	0.4216950259976329
sloppy	0.4882497577463799
optimism	0.48217599357122154
handicap	0.4853812735497824
unbroken	0.4868494686247856
buckle	0.4686057648692485
acquittal	0.4890321343653941
sore	0.4827058643341471
indifference	0.48815573087145675
subjugation	0.46517038721321047
sputter	0.4524404140845372
ceaseless	0.48859918829149535
heartless	0.47481649617904
doubtful	0.48730428306344276
displace	0.47794054871309033
confine	0.4824187296302547
immaculate	0.45962761842455946
cordial	0.45904686894010266
symbolize	0.4861072931254677
stern	0.48893381867904206
stabilize	0.48636164537912663
mischievous	0.39585373964793913
rebellious	0.4754517012801692
commotion	0.488003577458549
poisonous	0.48706769833145447
trivial	0.4401661714134364
frank	0.4743547857678255
culpable	0.44784375180458347
prod	0.4885238870064091
lag	0.48139239135494616
fame	0.4871728651414694
grieve	0.6203855776011418
fugitive	0.4856983750889645
mundane	0.48841047280630223
fabricate	0.5160362690072898
congratulatory	0.4774715135578947
starvation	0.484272960551762
politeness	0.488876498283452
demolish	0.4766216379573883
disarm	0.48161731121461526
sane	0.4873305877904907
upside	0.4730570395479952
consolidate	0.4844208568865201
cozy	0.4878504660905312
invaluable	0.47578143658918115
seriousness	0.468473230261976
crusader	0.4509341616474962
deride	0.47497909318927084
constrain	0.4859895234236875
durable	0.48723880631112443
dignify	0.4833011650932954
worsen	0.48518180431117747
familiarize	0.49105844331957543
boast	0.46130730833868333
rebut	0.48179376376576283
disobedience	0.48700150370176803
brag	0.48531511516608666
bruise	0.4839468838027808
handsome	0.4755639477956057
maturity	0.48845022040544406
absurdity	0.45757096814064
chide	0.48757784267497367
unreasonable	0.48008992494570707
antagonize	0.4725730351478202
mistrust	0.47938696721565904
inexpensive	0.4824633990300479
avert	0.4759126794462444
unscrupulous	0.4891751019071501
guise	0.486063365420046
hardship	0.46987335661376184
attain	0.4784785870891702
deterrent	0.4861037712756905
uproot	0.44692490009750674
misunderstood	0.43528612763143265
advent	0.468279794976258
surmise	0.3819506183968174
accrue	0.48583602948017124
stole	0.4843598976235268
insidious	0.4645837015844706
worthless	0.4861903992454635
antiquated	0.4746460909447378
astray	0.48679909784286307
undid	0.47876029345507465
discharge	0.48640402214503653
respectful	0.4856827516723376
allowance	0.48586223051289684
magnificent	0.3246596778022553
valiant	0.48377712024408603
disorganized	0.4881778753534143
blossom	0.4873060344048042
instability	0.4641219024443833
excellence	0.4886580975401738
lovely	0.795809117678113
flair	0.48879849945734344
complement	0.4882315166244781
poetic	0.4887660803148662
casual	0.4830427058707847
undone	0.48672032715263375
mature	0.46437124159611415
expel	0.48714608275633686
harness	0.4858614810817858
unnoticed	0.46020844134059014
warmth	0.487959841005551
poise	0.4821516588526863
staple	0.48311919597135383
dope	0.4715626217661463
fondness	0.4814184246728902
salute	0.4839543871280349
survival	0.4713237753337762
monster	0.48861275476665667
decorative	0.4890312105063233
contentment	0.45273293301219325
glare	0.488132171097438
cheery	0.4873748378790255
liberalism	0.4872537592510086
incompatibility	0.4787477333201675
infiltration	0.48187943951562484
envy	0.48456216178455264
playful	0.48074940853380144
affectionate	0.4861611331349778
conserve	0.5023471301720006
thorny	0.44966476036556374
scold	0.46333528262295703
undue	0.4866346150495033
invalid	0.48665010030920763
autocratic	0.48673718058611226
glamorous	0.4882229549571251
wrongful	0.4575649799668336
futility	0.4858757694200454
preposterous	0.4779820022738096
delightful	0.835574638249597
sensitivity	0.4464864659769309
fever	0.4830012956674425
whack	0.4773035804885108
falsehood	0.48682698685070935
implicate	0.48743010286446786
mild	0.48864867193812417
jest	0.4141151474594351
skirmish	0.48548659516339765
obliterate	0.4191166632390209
reap	0.48710165090243207
flawless	0.46538289280382694
feign	0.4865744868752579
unkind	0.49193673115318376
frantically	0.4679980669960484
curtail	0.4871025643673578
precipitate	0.45824708342443954
shortsighted	0.48859869305708076
deter	0.487284482112523
quaint	0.42574000454809047
fortify	0.4859504589870795
derisive	0.45251629788100056
venerable	0.480740862921797
vigilance	0.48535790711754295
recalcitrant	0.4871886154556468
poignant	0.4885557590682292
volatile	0.48411196546428564
offender	0.437968074387193
sorrow	0.32084124424876137
flourish	0.487140982906209
lyric	0.637811223627291
momentous	0.43622853310780874
lazy	0.47859308383541255
gusto	0.4873039161848177
befitting	0.4753588885846903
gentle	0.4869788991191146
superficial	0.48447245871717826
depress	0.4867301558621524
vivid	0.4881213924418898
refuge	0.4845665032208309
antipathy	0.4219501363368177
strangle	0.48093037086091034
endear	0.487221407629921
dedicate	0.4824668153379486
timidity	0.47457201850432684
rupture	0.47842606393097104
skillful	0.4888406729908588
fret	0.4630276156984747
incompatible	0.48681578258331315
prodigious	0.48570686889316833
scum	0.46621422458052864
gifted	0.48622533570971893
indefinite	0.4824347855058382
choke	0.48274139466256005
reestablish	0.4823603936719075
thrill	0.46794669553617907
feasible	0.46324196688342467
dispel	0.48631822559844917
hazy	0.47444495939979636
fury	0.48869345875539416
unattractive	0.484294927820207
simplify	0.4855194154760331
secession	0.48783355634320835
affirmation	0.48878054609941535
evade	0.48339797037345517
attentive	0.47441541671074067
rave	0.47228458142936075
onward	0.48878587912753796
paltry	0.4511066344904542
ameliorate	0.48648356398215764
aggravate	0.4813061518327285
succumb	0.4827662720021175
squander	0.48620836250384136
vanquish	0.484291600040756
charisma	0.4868117936249031
senile	0.48829300213505034
memorable	0.4705078582231248
swore	0.5534220874768726
witty	0.4521183951846594
paradise	0.47336127479542667
debtor	0.35817036482085945
volatility	0.43797343314080056
robber	0.48642418728245246
surpass	0.4808329443558499
dearth	0.47747233171479747
ecstasy	0.4902431655334771
spectacular	0.4855939780652473
rosy	0.43405285327308685
ripe	0.4830540048808822
receptive	0.4714390604090945
consternation	0.4860279205225577
overflow	0.47971606167784353
festive	0.4865692699924189
devout	0.46556618580728454
jubilant	0.4866046782535433
vitality	0.48922306135700827
exhaust	0.4875703308588568
rapport	0.45596854842138496
recede	0.4871859752914024
involuntary	0.4721582770616825
assailant	0.4783743061138997
isolate	0.48674595935411774
acrimonious	0.49094823190855835
illuminate	0.4869163123926481
imperfect	0.44239568917504685
discreet	0.4734835256552134
chaste	0.4684178671299996
obedient	0.4859488785611014
idol	0.488438022536126
comprehension	0.48691589406551694
agony	0.4885069950305892
despair	0.4841962231095598
collision	0.48339471262510114
decipher	0.4075835759440625
fleeting	0.43421230935256433
adaptable	0.4888387051916107
aspiration	0.4695261426670377
novelty	0.48864470332983395
hassle	0.4715174424835552
stale	0.48548641297020884
beauty	0.48545355025868225
lawless	0.468645020924751
coercive	0.4888876668539038
guardian	0.34930667217922673
abhor	0.48713808202810543
accommodation	0.4343203786383489
revert	0.48721946815418277
lyrical	0.4846191365321778
continuity	0.4809488255912158
wrought	0.48851444142927425
complication	0.488149903623049
gracious	0.47571234814399643
navigable	0.48739461641493265
confer	0.5296584663095822
righteousness	0.36076350188819906
aristocracy	0.48500391838535284
insecurity	0.4842025733514517
haunt	0.4825723315664074
calamity	0.4838310987583203
abundant	0.4882407539281319
commemoration	0.47428625548196157
individuality	0.4608552681573665
competence	0.4774280642224851
decoration	0.4880873261581747
fascist	0.48779168684624513
ordeal	0.4713002370208829
renovate	0.4868557759280149
hobble	0.48650579270069394
cannon	0.48594183230576266
feint	0.46598051980024985
sneer	0.48424429535328356
shrewd	0.48252599614615355
submissive	0.48465644131924324
polish	0.4900289143099744
ominous	0.4302773080355828
acrimony	0.48695479242235135
bane	0.4882267492418614
dull	0.28631769864961903
fascination	0.4809227228625968
vanity	0.48560212698124805
consummate	0.46499771141890883
perplexity	0.42511418741697315
void	0.4875151564807625
prosper	0.468730929398854
sour	0.4891271640310667
upright	0.48070783358538416
sanguine	0.5870990084951704
brotherhood	0.47106726724617465
trophy	0.4885180063416383
fidelity	0.48733636571900973
allowable	0.46277484163963817
annoyance	0.37446721077300965
deficiency	0.48774291002949954
motivate	0.48605038683491286
deadlock	0.48446345661442264
defective	0.42767775563998833
rouse	0.4840263108967417
exotic	0.48825863723287755
omit	0.47440644183489616
treacherous	0.484970173083359
desperation	0.4876762256589787
ingenuity	0.48850948453201143
belie	0.48671527674796267
symmetry	0.4034710026138733
infect	0.48801985442910667
unfriendly	0.4884129397446505
tease	0.48593585397609096
misfortune	0.47886840725211965
aristocratic	0.4892026756018826
humiliation	0.4316384025429225
defect	0.46745799584832554
babble	0.4872170703550043
reassurance	0.45895713276879607
liberate	0.45840909522523515
toil	0.4595587820133105
impatient	0.47204237330224674
bristle	0.485450777620752
admonition	0.46150182718626337
feast	0.4756670090655004
tenderness	0.5098742120202451
amusement	0.48467574355047593
flattery	0.4871264705757607
blur	0.4859301419577325
injurious	0.484864144261045
precision	0.40675334401121876
exasperation	0.47280578278926894
roundabout	0.47193762257384086
insignificant	0.4787021677450447
rivalry	0.39683830013187216
audacious	0.4874016128604111
sleazy	0.4749710932498762
uneasiness	0.4820363891133059
adherent	0.4875536276466387
reverence	0.46910184711640146
unsettling	0.3752895772849343
festival	0.4834387729740615
overbearing	0.4872089952847806
sluggish	0.387618202770529
vanish	0.4506843048839873
injure	0.48607710966663464
fluent	0.4831219327125753
oblique	0.4824493997391439
dictatorial	0.4891445786404954
cumbersome	0.3940071730073664
niche	0.4870717596481069
mastery	0.48457487727519594
coarseness	0.4543001888320491
incessant	0.4669996923291062
recoil	0.4877228288360546
stormy	0.48849051626240253
abound	0.483203680665923
unlucky	0.46794264697557214
propitious	0.46582859382196984
crude	0.4764410216661484
sly	0.4859658621289187
harmony	0.486788316695659
troublesome	0.48763353065428716
crafty	0.46890414217949317
adroitly	0.46437800087759395
derogatory	0.4717807152729523
woe	0.46270339268715227
resurrect	0.48728223438711316
fruitless	0.4883077882680121
arduous	0.47507520475619097
affable	0.40328729683152065
corrosion	0.48384732062865715
ingenious	0.4712137051243783
unmoved	0.4151420057258134
enrage	0.47481479906619795
glee	0.4848148335198823
envious	0.4555776031543948
yearn	0.48722638215819924
stubbornly	0.48669649938960124
triumphant	0.48073135641193987
confound	0.4835215313677225
depose	0.4830372227353281
purposeful	0.3738539616005461
undesirable	0.47303610120561373
relish	0.4783916367646921
assail	0.48883611614048433
chastise	0.484384101286289
counteract	0.48452261886382475
outlive	0.4850185481306309
standstill	0.48233940232519174
impervious	0.48026693489184114
bestow	0.4710945374839206
remorse	0.3684502206481931
honeymoon	0.4869488635177891
grudge	0.39829636308712657
encroachment	0.4446704059002446
sleek	0.48769567121218255
conquer	0.47671011177094874
upward	0.38203695387283243
clog	0.482682504941968
irresistible	0.48320744892274275
restless	0.4849647394532994
agility	0.411238330294465
authoritative	0.4554440335378118
fatalistic	0.4536354345165095
restlessness	0.45284912792576876
fragile	0.48602493970187577
ramble	0.4763195234228393
apt	0.4113546456761226
rusty	0.4572202302947152
bland	0.43583036786101487
soothe	0.48212210665857635
slayer	0.48322820608510914
estranged	0.48340115646546333
novice	0.46806822108206164
therapeutic	0.4466909103628304
rapt	0.481894237135265
diabolical	0.4859379111217196
enjoyable	0.5463857337883568
appreciative	0.4877916484090118
covet	0.4869089272940112
notoriety	0.4130743803867435
robbery	0.4780823004910037
flaw	0.39991479964746834
proffer	0.4760597877265559
simplicity	0.48312539644967467
inundate	0.5660443216920639
din	0.4800841999261042
liquidate	0.48476088680590385
imaginative	0.4855985031383922
glisten	0.48276533975202485
adversity	0.48533372236115957
unsteady	0.4877259972847717
nimble	0.4778867837673276
flashy	0.4862417596880887
dexterity	0.48270077095897973
devoid	0.4652412730964188
revoke	0.4681020541079407
headache	0.4722507901531723
aggressor	0.4644891353863685
usurp	0.48746992819856605
impure	0.48198087188829825
boldness	0.48862064947406925
perverse	0.37258089528519805
disavowal	0.4859511796795104
affluence	0.4311155645891247
oddity	0.44891773208643865
infraction	0.47046407633059806
downfall	0.4505420638668283
nourish	0.4881717393960868
fickle	0.437041652415942
hinder	0.48649380954974736
unforeseen	0.4762560374162152
closeness	0.4727435224204329
unsteadiness	0.4881877168000657
ailment	0.46903283904618226
impersonal	0.4763360703020693
constancy	0.4804937005473852
combatant	0.48195062550832035
buoyant	0.4561043022750873
sympathize	0.4588201060390875
agitator	0.43973873559490384
servitude	0.48762194505402884
tantrum	0.42358535167522077
stuffy	0.4749893788429801
entrust	0.4857611141189209
perfume	0.48639404543508247
frigid	0.46439152063771594
unjustified	0.4764748219878938
culminate	0.47419735540011615
practicable	0.48745430385296545
capricious	0.48562248576012756
efficacy	0.4766920128124596
stringent	0.48577412481300325
repulsive	0.48575531663943017
untimely	0.4857113574192278
bloom	0.4851097402424549
banishment	0.5030937963560151
confide	0.48135861794455537
palatable	0.48147503600235597
starve	0.48710390699272776
molest	0.48757458474216275
standardize	0.4752000278573926
consultation	0.4649016232835053
vagueness	0.4764133394325774
impasse	0.48842599173077905
excel	0.4980215584648264
fearsome	0.48631250971600326
swiftness	0.4547740613638566
forgave	0.48670917458260626
togetherness	0.4325156798116308
scarcity	0.4829342470661077
oppress	0.4867743812430113
vexing	0.4570865720313965
cursory	0.46888039522742736
preparatory	0.4860334404333388
selfish	0.48903494670948866
communal	0.4880997622207149
merry	0.4863612207184081
fulfillment	0.47074233682589156
beautify	0.4769684149059463
limp	0.45438532904880313
nurture	0.45071360920270703
stubborn	0.47933127487629246
haphazard	0.4863973589802799
frown	0.41806659890840053
signify	0.4763241674959353
greatness	0.47208696339554435
leisure	0.4679907085898863
whip	0.4884198387168271
sturdy	0.486889990683756
warp	0.48641359825742836
abyss	0.4791994637849897
unaccustomed	0.4803276656468862
cohesion	0.4849402165502441
imprison	0.4882158997508854
reunion	0.4653452285141694
befriend	0.45841018790506816
intrude	0.4870459964266884
renewal	0.4692913738030467
merriment	0.4771176995051201
gloom	0.48538025556078823
compatible	0.46284420622264527
warlike	0.4861888392596122
lull	0.5723556377299257
encroach	0.4780958686673335
puzzlement	0.48481510421473806
enhancement	0.4853775478083547
censor	0.4869429060669223
belated	0.4399130414838796
forfeit	0.4832865593720659
astute	0.5734698095018328
radiate	0.48333775232204146
calmness	0.48807840502938454
mediocre	0.38917041189927964
surmount	0.48716182031896976
boastful	0.4869362122067417
wilt	0.4842920548300082
gaudy	0.48322152200687607
avenge	0.48650587179323407
spoil	0.48040753066539227
perfection	0.45278473456176643
refine	0.4862347712564558
